{
  "phase1": {
    "accuracy": [
      0.6983333230018616,
      0.9100000262260437,
      0.9433333277702332,
      0.9583333134651184,
      0.9800000190734863,
      0.9816666841506958,
      0.9916666746139526,
      1.0,
      1.0,
      1.0,
      1.0,
      1.0,
      1.0,
      1.0,
      1.0
    ],
    "loss": [
      0.6922881007194519,
      0.2813992500305176,
      0.1729368418455124,
      0.10102381557226181,
      0.0708540752530098,
      0.06252513080835342,
      0.03184405714273453,
      0.011663082987070084,
      0.011571917682886124,
      0.006880704779177904,
      0.00642425287514925,
      0.004834270104765892,
      0.004837760701775551,
      0.0033465696033090353,
      0.002985639264807105
    ],
    "val_accuracy": [
      0.739130437374115,
      0.6521739363670349,
      1.0,
      0.9130434989929199,
      0.782608687877655,
      0.8695651888847351,
      1.0,
      0.95652174949646,
      0.9130434989929199,
      1.0,
      1.0,
      1.0,
      1.0,
      1.0,
      1.0
    ],
    "val_loss": [
      0.4303846061229706,
      0.6494421362876892,
      0.09927576780319214,
      0.17348670959472656,
      0.6177181005477905,
      0.28342291712760925,
      0.07368004322052002,
      0.10998287051916122,
      0.13276052474975586,
      0.07245302945375443,
      0.08395691961050034,
      0.06676143407821655,
      0.057217638939619064,
      0.04175417870283127,
      0.04895095154643059
    ],
    "learning_rate": [
      0.0010000000474974513,
      0.0010000000474974513,
      0.0010000000474974513,
      0.0010000000474974513,
      0.0010000000474974513,
      0.0010000000474974513,
      0.0005000000237487257,
      0.0005000000237487257,
      0.0005000000237487257,
      0.0005000000237487257,
      0.0005000000237487257,
      0.0005000000237487257,
      0.0005000000237487257,
      0.0005000000237487257,
      0.0005000000237487257
    ]
  },
  "phase2": {
    "accuracy": [
      0.6633333563804626,
      0.7433333396911621,
      0.7933333516120911,
      0.7866666913032532,
      0.8033333420753479,
      0.8016666769981384,
      0.8416666388511658,
      0.8516666889190674,
      0.8500000238418579,
      0.871666669845581,
      0.8233333230018616,
      0.8416666388511658,
      0.8683333396911621,
      0.8450000286102295,
      0.8700000047683716,
      0.8566666841506958,
      0.8600000143051147,
      0.8633333444595337,
      0.8666666746139526,
      0.8799999952316284,
      0.8483333587646484,
      0.8450000286102295,
      0.8899999856948853,
      0.8683333396911621,
      0.8183333277702332,
      0.875,
      0.8866666555404663,
      0.8899999856948853,
      0.8833333253860474,
      0.871666669845581
    ],
    "loss": [
      1.0435889959335327,
      0.8104643821716309,
      0.6514785885810852,
      0.6860476732254028,
      0.616485595703125,
      0.5562729239463806,
      0.4987531006336212,
      0.4769926369190216,
      0.46108707785606384,
      0.3740788996219635,
      0.5353776216506958,
      0.46654102206230164,
      0.38546282052993774,
      0.4720645546913147,
      0.3734281063079834,
      0.38658905029296875,
      0.36232373118400574,
      0.36702170968055725,
      0.4236355423927307,
      0.3110737204551697,
      0.42817679047584534,
      0.4527954161167145,
      0.32479241490364075,
      0.3857172429561615,
      0.49912744760513306,
      0.36596760153770447,
      0.36131551861763,
      0.33499467372894287,
      0.33845892548561096,
      0.3541854918003082
    ],
    "val_accuracy": [
      0.8695651888847351,
      0.8695651888847351,
      0.6521739363670349,
      0.782608687877655,
      0.782608687877655,
      0.8695651888847351,
      0.9130434989929199,
      0.9130434989929199,
      0.95652174949646,
      0.9130434989929199,
      0.95652174949646,
      0.95652174949646,
      0.8695651888847351,
      0.8695651888847351,
      0.9130434989929199,
      0.9130434989929199,
      0.9130434989929199,
      0.95652174949646,
      0.95652174949646,
      0.95652174949646,
      0.95652174949646,
      0.95652174949646,
      0.95652174949646,
      0.95652174949646,
      0.95652174949646,
      0.95652174949646,
      0.95652174949646,
      0.95652174949646,
      0.95652174949646,
      0.95652174949646
    ],
    "val_loss": [
      0.754729151725769,
      0.8280665278434753,
      1.4150078296661377,
      1.0322730541229248,
      0.6070065498352051,
      0.2553296387195587,
      0.19371004402637482,
      0.13156096637248993,
      0.14216598868370056,
      0.2608214318752289,
      0.24595187604427338,
      0.2213834673166275,
      0.25755932927131653,
      0.2594808042049408,
      0.2501879334449768,
      0.24421349167823792,
      0.23832553625106812,
      0.22086817026138306,
      0.22642351686954498,
      0.22934666275978088,
      0.23367080092430115,
      0.23321391642093658,
      0.22985348105430603,
      0.2253832370042801,
      0.22964033484458923,
      0.23867125809192657,
      0.24191150069236755,
      0.24785512685775757,
      0.25022783875465393,
      0.2522573173046112
    ],
    "learning_rate": [
      4.999999873689376e-05,
      4.999999873689376e-05,
      4.999999873689376e-05,
      4.999999873689376e-05,
      2.499999936844688e-05,
      2.499999936844688e-05,
      2.499999936844688e-05,
      2.499999936844688e-05,
      2.499999936844688e-05,
      2.499999936844688e-05,
      2.499999936844688e-05,
      1.249999968422344e-05,
      1.249999968422344e-05,
      1.249999968422344e-05,
      6.24999984211172e-06,
      6.24999984211172e-06,
      6.24999984211172e-06,
      3.12499992105586e-06,
      3.12499992105586e-06,
      3.12499992105586e-06,
      1.56249996052793e-06,
      1.56249996052793e-06,
      1.56249996052793e-06,
      9.999999974752427e-07,
      9.999999974752427e-07,
      9.999999974752427e-07,
      9.999999974752427e-07,
      9.999999974752427e-07,
      9.999999974752427e-07,
      9.999999974752427e-07
    ]
  }
}